shape_id,distance_km
-Q2gVX9GgVSEtVr-yv6Nf_Shape,6.2782
-vGMBy-ffWWJVczaRlv5z_Shape,13.4071
025LCvbNrkhPcZFND6SfE_Shape,22.3272
0I4f41gSbP4Nhu5ZbZZGv_Shape,3.8015
0eMropKVlaFEwtKn18KiF_Shape,2.252
0h48FVJYF7q0a-Fr5KoJ2_Shape,30.675
1pTTdCYNksTHRhSFGpg76_Shape,13.6534
1qykx9U9w6xm1N6GqnR-i_Shape,2.5273000000000003
1v5hAqd3R5NHO2_mRDJ3z_Shape,7.1342
28mrnCSEb3wYAsdtd50rU_Shape,6.8953
34nbNemVSy5O0QhQ5utuQ_Shape,13.146
3CgzuUO_dn1teCfMyugyc_Shape,87.66260000000001
3DsaT0dcW0e0BLcyD3Q6E_Shape,11.8627
3JTmhQmnxSU9cPkJSaSlE_Shape,92.3923
3RevHK5a3aJRhrnXG0U-Y_Shape,4.8223
3SynmEGmJSDoBYRTRgEkj_Shape,12.379
3g4cs6y1Zst9EwOYH-YQE_Shape,96.067
3wTFymMNfLvqoIaC8VkMX_Shape,3.1992
40rOFL2qzN26P2ty7q_b9_Shape,31.6889
4B_Jpa3Jm_xxCkTcY6IDN_Shape,22.4388
4QUtLrt9QqoQBADynOzAM_Shape,35.4325
4dazyxD50LYtjM4jq9_Ot_Shape,19.8895
5gdYQVlYNdFvy7jCqIDu7_Shape,31.0148
6LBLdjAw8E6T2OCvlWEr8_Shape,11.6201
6OIx6bTrieeeSM5cAiCs-_Shape,65.0074
6d2W3a35jKEGSEjY9OqMB_Shape,3.331
6u8t_kqOv1J6Cy4UiIRO__Shape,3.6931
7OIDYqQb_VCEwYHFGH_e5_Shape,2.7734
7PVy-xzsAclt9bvyLn2D__Shape,12.7644
7oFBV_-FjsLDgC5o68Mli_Shape,6.2094
8wpT6YlGJmfsskCDg8AJT_Shape,8.4348
9ByH2YQ54cshi1Sj8kgPQ_Shape,11.353399999999999
9LVHJSd6OMdlCKboaE00V_Shape,40.496900000000004
9iBvMMprqaal91Eesle9O_Shape,18.087400000000002
AOVtM-9TZ3fXGgaCnC-sH_Shape,38.0345
APpubImR-DQ7ipx8VqTDi_Shape,22.156299999999998
Ass95AtKKd_cJzSpFbbks_Shape,5.65
BSHIbLq-S_VbTLPj0f5S7_Shape,2.9658
Bir76FY1196m5b2RCrotL_Shape,7.5383000000000004
BxVJu5Cu3SBv6k6JEotw3_Shape,54.3243
CHPoO06l96ZxXNoM4s7El_Shape,4.5923
Cl-oT7WLLDtvd9UF3t3WF_Shape,92.17760000000001
CmIaLLjNex2vbIMiilGN5_Shape,132.2845
CoaLpd6rmb73R6BNYH7S1_Shape,3.987
DQG7BcWUYPP3fo9nY8SBc_Shape,6.7871999999999995
Da9EIaUt19ZSMI3qwGvzZ_Shape,14.501299999999999
E3cKTAI5hrMdq3gv0l-3g_Shape,17.3427
EglZxh1NkJA5Jax303ARy_Shape,7.6594
Eij4wvz28UMMCWx_xBgPt_Shape,73.331
EoBxLx54RiTmwf0L64PXs_Shape,23.7703
FOMSNPsGQO4s6Y-BM_cpQ_Shape,4.2457
FUo5FExiKwUTpyTUJYA7R_Shape,17.023
GK-B6ExLThapIsC2LwCU5_Shape,4.6914
GVMY3J8hLKwB3k_XzZZNA_Shape,92.5001
H4Zrbg3RLebdgA2rD0SL4_Shape,14.492
HcF2oktSKDVQXpBv7t2j3_Shape,98.4033
Hn0eoDFbdIiLk49QaqFeX_Shape,92.1892
I2ar40PiiuS-HMI9_KCLc_Shape,10.572299999999998
J3ADe7YQWUaBHH8Z_00Ou_Shape,29.9272
JR4I2_wTJ2Vb9ocgkUSNB_Shape,62.226800000000004
JjBliHamEx0YUxbao3vZS_Shape,22.578200000000002
K1fkkoXPyuSsmQKdjzWHd_Shape,21.651400000000002
K63Xp_QNyqIIHRQrSOVNB_Shape,5.1537
KmoDyTTsPPrzF7JK4J700_Shape,19.7574
LLBFoYPGf2DhL6gStjpy4_Shape,9.6377
LrAbpnGcNy8Ljz0FMNTPN_Shape,5.9957
Lz8EOh2wSW7Z4sNXrGPxw_Shape,2.7993
M-k1V2EbMTbdd6jCLeoZw_Shape,11.6765
N7niHD4FSKKz4wzURqkFW_Shape,39.878099999999996
NP0r90PJ04dzhZ4-fQdAY_Shape,29.0469
OI7bd_u7laDmk8SxgppK0_Shape,23.523400000000002
OVbnm1WLeW59vl_wEqm66_Shape,23.2833
OoyJYltTuIPwOrCeg2YmA_Shape,4.0898
OvxARhItfijPV-_xuvfnZ_Shape,2.2289
PAh8O-96IhPU2mfK1XGjm_Shape,17.034299999999998
PyvMsU4izplRo5xNtmlK3_Shape,8.861
Q3pD-7jCAvuSmNTpcaPvZ_Shape,61.0518
Q_48FGPRTjaYgRz2H28V3_Shape,2.8779
QyDZF4yDNAntbYpYmjfxj_Shape,106.20389999999999
R1qyf44TfvStHmjMCiKfC_Shape,32.1364
RHazPXn1EQ_y4RbVe6HYc_Shape,5.9252
RNLlNLhCvrplPJ1T6Rv3G_Shape,11.939
RbB2w0p-_BgwRa6AbSa-b_Shape,13.348600000000001
RpKdfStaPAyjOjNE_OGG9_Shape,4.0682
Rr5VrNghCMV3A0qeyJoVf_Shape,249.9067
S0va0RZjlnA1UM5ngCuy9_Shape,4.7398
TIF4utcDqnWmdbkuyp9Dq_Shape,3.4897
TWnfYDX6BkJirORXmg2hv_Shape,2.2093000000000003
TufBf34AgKUOdqfLpoq9__Shape,8.5108
Tv3p8704smtFY_z3ZHnnb_Shape,18.355400000000003
U5q_TMc5BJ7jtZPVBLLIC_Shape,2.9033
U_QqLo01UyKjXo_inGS9s_Shape,51.4841
WWP7DCP2cjGJxPZSN68Y2_Shape,19.644599999999997
WZZbrVYSieTbnoHnb0AaQ_Shape,3.5738000000000003
Wq0wtD2-ddsT-JtVfCc3g_Shape,32.3174
YBp1JQ-cSPCXIHQQ34CmD_Shape,111.7087
YhJAaZa87Cn-vbr4gAMuB_Shape,37.290699999999994
Z-51SkRkO5YyfPeYNTS-n_Shape,124.0572
ZBtB-FXg8HG9MZ8swYNuQ_Shape,92.5889
_npHlyCCY7o0R20RyqvT8_Shape,15.7789
_roD5BmPMzsusHgRuqc29_Shape,30.693
_xaRNY3_AfOnhpf5yTE3A_Shape,83.16510000000001
aL3IoFC8Ob46ci80-r5J__Shape,2.5359000000000003
bAHUtWeGgy-NzZiHpbdim_Shape,20.2611
bSYN2peHxalSinpb8v_ie_Shape,16.1019
bd7828viXdflnfuupm3s6_Shape,25.6642
c1YDpOopAR200ZEPZGL2D_Shape,10.1052
cPH8TY_FP2nMGpFWXqpQb_Shape,13.0315
cURs_PxThe2b2znIGFxQs_Shape,5.0635
d84WDadbu5AjbQpkTV2r4_Shape,87.414
dLkT29EUoWOal9hGBCA4x_Shape,123.2379
dWfTv7gA4CztWg-ijXkTe_Shape,17.890099999999997
divI9MoAnOSksgYUNogFE_Shape,34.7705
e8t7gY08MS-f47GD5XH51_Shape,6.5637
eI4I1CFyBUEYtwzc_6nqC_Shape,4.8036
eVKw5V4GKYTFMFEU2cbKc_Shape,78.3582
eZVkbWyfsnRxGOMkDoSfl_Shape,14.7546
f33WNkS3h2sqBmb32LsDI_Shape,14.602
fZK7Eo97quKfWNkbl9oTR_Shape,8.2767
fdkp3odv3VaA2gaEksu3i_Shape,57.3853
gNGHM_FUxY2cAKLH9-ILE_Shape,2.0191
gSfwa8Ce0UZivfHRgFQmi_Shape,154.4512
gp93eQ2WYNnUOJrA17bFP_Shape,11.4233
gqntW1mb4ahLW_IHlR39R_Shape,19.2695
hCtxqlnqMmikZr4cnUgjF_Shape,23.3977
iGgUl6NwJYqGWhVkUHdiu_Shape,123.3638
iHxp5k-_O7q56ncOSt9aW_Shape,41.070699999999995
iUaEgr0LK4VOSZFkdzur6_Shape,85.7089
jUSQ8Z6RmiugCcePQrJNM_Shape,1.6481
jWBg8TvwT24t5ID8oRKxt_Shape,5.86
kGJ35g79BU1ao8aW7duYA_Shape,142.304
kKR0i-pEBtj87zRv8vRz5_Shape,8.1503
keUygmfQjUMNwNeSanmRs_Shape,10.577200000000001
lMQXKFc6iKvul6yn9yxiz_Shape,34.8694
mL3nX7_Swe2eUme5B7Ufy_Shape,16.4887
mOAyR9hC46n6ORhDBT2l7_Shape,6.5931999999999995
nYPyDFvmKgS3bcDV6-0-U_Shape,51.798
nilFxlyYPYNiAZui3Rdkw_Shape,22.713
nnllgPNq1yuc-OXURFNAG_Shape,17.250400000000003
o1-MNGEnaLwUnghnqO6JK_Shape,93.6867
o9FR1QzxiDSovwQlc0MKb_Shape,6.4508
oL-cc2-4cc5VXM7r-ShUc_Shape,17.740099999999998
oVe9NWCir7yf4YumOIYpG_Shape,5.3256000000000006
ofLnCLGBqlPSHxiB_6HP7_Shape,22.4934
p2LolNMw2UzYkCDS09TaM_Shape,18.5039
pCUExpIx94RHG6BGAhT6a_Shape,94.29910000000001
pLOjOa2QgHvzgt6C_kcel_Shape,28.3511
pQ45GdSgOyF1CMHTWPmrk_Shape,16.590799999999998
pvjC2m5XDlTvQWgPayp9C_Shape,94.0502
q5Lba_fHFYAVYTctbEVvL_Shape,4.4235
qGoxkcgxJLIYDgVV9cYQ6_Shape,22.5728
qZcHenAJ7pJVpkcbhNg9l_Shape,127.0102
q_FpxkrHACQ0njq87xh7H_Shape,8.2627
r6ovFR4tIxNGXdkL4UeVE_Shape,13.4803
r7hUDDmUQxs4nQXOpk7pC_Shape,136.7979
rz-CFcB9J3xy60VYWjZAn_Shape,12.8032
t2ZpJUKX5uFrXD9bfRgqq_Shape,140.423
t3fihouAmNU32d_e7msfe_Shape,118.8121
tL1NRyqKwJOCmUECmIQqO_Shape,5.118600000000001
tObSXctDA10XZJ6oW1EYp_Shape,11.7111
tXwMswYEHusmu2vLfRPR2_Shape,32.581
tl8ZQbvleCGCbWdgkRkZg_Shape,4.6233
uE28Zm5OTYg1GLECQDEL0_Shape,84.2375
uOo5ud2_KAT6G_nCjg9oe_Shape,110.52680000000001
uRBqBvtxqfFULY3Kyi78n_Shape,5.4236
udcnz_0kW2tOMy6xB2_Ng_Shape,42.1618
v4sHde8sXh63a1CWeshcp_Shape,8.274
v6Tq-fJZg1OTVvR_yhueB_Shape,18.3813
vDSOGaI-kcPGIccVzFiRw_Shape,74.63289999999999
vGWP0NAWQ2WwsR_DTpmn9_Shape,94.2475
vcRbpsi4jjFjRKF41t1UT_Shape,5.433
vt5LHnmnnLuQC-tEARuAL_Shape,3.4606
w6teBIa3rLtCothzEDZKi_Shape,4.2679
wE7GlW3Fb_HPAB66Hhxh1_Shape,10.558399999999999
wNQ0rq7CAxb57IWuH3MiT_Shape,7.021
wlRSKsJwTRTrfl4QBCwtY_Shape,7.0408
wyt-c9kVSmo-uyx4zLFYT_Shape,62.62
wzQQv79eeOAEsj4p6t-wx_Shape,121.2864
x4ViZBh3xZ7dXQ23JVcoJ_Shape,8.6153
xDj2dqi2X96UqHuyUcyqS_Shape,10.6081
xb8d2kdOwmERjQmCcjbyQ_Shape,16.5718
xxgi7P3OGoDShZ0IAQUyL_Shape,18.6598
yKUP1GAjkqmvJPLe6dDUV_Shape,5.3503
z8pSD1wGRKg4oVh4eC0Iw_Shape,6.7935
zZPK942_z42ZWwqb9a3ED_Shape,18.862
zZjzzNbMESUGofW2jqGDZ_Shape,5.8055
zivMUtHDofqSlzEUoK8F0_Shape,30.7513
znJ4UDxPXmPvAbkcg1zot_Shape,137.088
zu8jTrRbozlA63gSOD4cA_Shape,25.389
